{"cameraMode":{"drawMode":0,"name":"Shaded","section":"Shading Mode"},"sceneLighting":true,"audioPlay":false,"sceneViewState":{"m_AlwaysRefresh":false,"showFog":true,"showSkybox":true,"showFlares":true,"showImageEffects":true,"showParticleSystems":true,"showVisualEffectGraphs":true,"m_FxEnabled":true},"in2DMode":false,"pivot":{"x":1.467308759689331,"y":2.7838287353515627,"z":4.130523204803467},"rotation":{"x":-0.39740487933158877,"y":-0.14602568745613099,"z":0.06425302475690842,"w":-0.9036909937858582},"size":1.9365675449371338,"orthographic":false}