{"cameraMode":{"drawMode":0,"name":"Shaded","section":"Shading Mode"},"sceneLighting":false,"audioPlay":false,"sceneViewState":{"m_AlwaysRefresh":false,"showFog":true,"showSkybox":false,"showFlares":true,"showImageEffects":true,"showParticleSystems":true,"showVisualEffectGraphs":true,"m_FxEnabled":true},"in2DMode":false,"pivot":{"x":0.8796319961547852,"y":1.3309400081634522,"z":-0.008173828013241291},"rotation":{"x":-0.1805550903081894,"y":0.05219762772321701,"z":-0.0095960209146142,"w":-0.9821327924728394},"size":0.5155760645866394,"orthographic":false}