{"cameraMode":{"drawMode":0,"name":"Shaded","section":"Shading Mode"},"sceneLighting":false,"audioPlay":false,"sceneViewState":{"m_AlwaysRefresh":false,"showFog":true,"showSkybox":false,"showFlares":true,"showImageEffects":true,"showParticleSystems":true,"showVisualEffectGraphs":true,"m_FxEnabled":true},"in2DMode":false,"pivot":{"x":0.033843427896499637,"y":0.7465285062789917,"z":0.8838157653808594},"rotation":{"x":0.11694585531949997,"y":-0.8101188540458679,"z":0.17293277382850648,"w":0.5478407144546509},"size":0.6488610506057739,"orthographic":false}