{"cameraMode":{"drawMode":0,"name":"Shaded","section":"Shading Mode"},"sceneLighting":false,"audioPlay":false,"sceneViewState":{"m_AlwaysRefresh":false,"showFog":true,"showSkybox":false,"showFlares":true,"showImageEffects":true,"showParticleSystems":true,"showVisualEffectGraphs":true,"m_FxEnabled":true},"in2DMode":false,"pivot":{"x":0.08220669627189636,"y":-0.30165159702301028,"z":-0.3595137298107147},"rotation":{"x":-0.6471272706985474,"y":-0.0006882467423565686,"z":0.000584167952183634,"w":-0.7623823881149292},"size":1.1485023498535157,"orthographic":false}