{"cameraMode":{"drawMode":0,"name":"Shaded","section":"Shading Mode"},"sceneLighting":false,"audioPlay":false,"sceneViewState":{"m_AlwaysRefresh":false,"showFog":true,"showSkybox":false,"showFlares":true,"showImageEffects":true,"showParticleSystems":true,"showVisualEffectGraphs":true,"m_FxEnabled":true},"in2DMode":false,"pivot":{"x":0.2487032413482666,"y":0.8552080988883972,"z":-0.11541922390460968},"rotation":{"x":-0.1805550903081894,"y":0.05219762772321701,"z":-0.0095960209146142,"w":-0.9821327924728394},"size":1.6320338249206544,"orthographic":false}