{"cameraMode":{"drawMode":0,"name":"Shaded","section":"Shading Mode"},"sceneLighting":false,"audioPlay":false,"sceneViewState":{"m_AlwaysRefresh":false,"showFog":true,"showSkybox":false,"showFlares":true,"showImageEffects":true,"showParticleSystems":true,"showVisualEffectGraphs":true,"m_FxEnabled":true},"in2DMode":false,"pivot":{"x":0.005863964557647705,"y":0.020000003278255464,"z":-0.030897989869117738},"rotation":{"x":-0.4669623374938965,"y":0.07596104592084885,"z":-0.0403057225048542,"w":-0.880102276802063},"size":0.4506704807281494,"orthographic":false}